P,D,Q,RMSE,RSS,MSE,MAE,MAPE,R2,durbin_watson,aic,bic
8,0,9,2.222338768244496,581.0267476141861,5.81026747614186,1.8361459791097692,,-2.646698120927328,1.754303207764858,177.9011876359488,227.3994211697225
8,1,9,2.0703489481749076,525.7096471161891,5.25709647116189,1.721309546676767,,-2.37698299466119,1.0881079216591627,154.7478587290863,201.6409220768719
8,2,9,2.3206635191364735,706.3599225362356,7.0635992253623545,1.9588238968234613,,-3.8460285654911166,2.0002834781001404,161.03466932907108,207.92773267685675
8,3,9,3.211991075941411,1377.2210257758031,13.772210257758031,2.6736538555703677,,-10.097367901564004,2.628539066855548,233.81991784208256,280.71298118986823
8,4,9,46.540285610321455,1192677.9142091658,11926.779142091658,33.04832451894042,,-8522.682984946076,2.985091947284402,455.23501915584114,502.12808250362684
